{"accuracy": [0.8002002239227295, 0.8085835576057434, 0.8085835576057434, 0.819869875907898, 0.8293293118476868, 0.8289289474487305, 0.8299799561500549, 0.830955982208252, 0.8323323130607605, 0.832532525062561], "loss": [0.5920729041099548, 0.48950326442718506, 0.4686991572380066, 0.43864011764526367, 0.4306783378124237, 0.4279686510562897, 0.4246184229850769, 0.42167720198631287, 0.41752859950065613, 0.41303813457489014], "val_accuracy": [0.7968171238899231, 0.7968171238899231, 0.7968171238899231, 0.8191372156143188, 0.8221399188041687, 0.8218396306037903, 0.821439266204834, 0.8231407999992371, 0.8242418169975281, 0.8244419693946838], "val_loss": [0.5136764645576477, 0.49846190214157104, 0.46550118923187256, 0.44527482986450195, 0.4414350390434265, 0.43957510590553284, 0.43635860085487366, 0.43332794308662415, 0.43008726835250854, 0.42511051893234253]}