{"accuracy": [0.8087337613105774, 0.8317317366600037, 0.8336086273193359, 0.8369869589805603, 0.8452202081680298, 0.8596096038818359, 0.8721221089363098, 0.8813563585281372, 0.8925175070762634, 0.8974725008010864], "loss": [0.51039057970047, 0.42827799916267395, 0.4204692542552948, 0.4124867022037506, 0.3968958854675293, 0.3603783845901489, 0.3066294193267822, 0.2694847881793976, 0.25152310729026794, 0.24161316454410553], "val_accuracy": [0.8153337836265564, 0.8240416646003723, 0.8273445963859558, 0.8334500789642334, 0.8461615443229675, 0.8608747720718384, 0.865178644657135, 0.885496973991394, 0.8966069221496582, 0.8995095491409302], "val_loss": [0.45283499360084534, 0.43633362650871277, 0.4291919469833374, 0.41773250699043274, 0.3936591148376465, 0.34144327044487, 0.2907501757144928, 0.2642218768596649, 0.2529140114784241, 0.24458640813827515]}